SMILES,Comment,RDKit_SMILES (REINVENT),Score,QED,MW,Tanimoto similarity ECF6,pmi,pmi.2,Alerts,QED (raw),MW (raw),Tanimoto similarity ECF6 (raw),pmi (raw),pmi (raw).2,Alerts (raw)
CCCCCCCCCCCCCCCCNC(=O)c1ccc(NC(=O)C(CC)CCCC)cc1,,CCCCCCCCCCCCCCCCNC(=O)c1ccc(NC(=O)C(CC)CCCC)cc1,0.19914420094407842,0.16055696236486988,0.7715609,0.1036036036036036,0.09897727256981943,0.9719778798111037,1.0,0.16055696236486988,486.78500000000025,0.1036036036036036,0.09897727256981943,0.9719778798111037,1.0
